name,city,category,address_line1,postcode,phone,website
The High Barn,Stratford-upon-Avon,Vineyards,76 Abbey Road,HH5 2XD,01632 960032,https://example.com/the-high-barn-0
The Old Hall,Plymouth,Garden Venues,76 Park Avenue,AG18 7JT,01632 960828,https://example.com/the-old-hall-1
The Old Grange,Stirling,City Venues,12 Abbey Road,NL5 4PE,01632 960099,https://example.com/the-old-grange-2
The Ash Park,Lincoln,Vineyards,71 Park Avenue,BT18 2RD,01632 960849,https://example.com/the-ash-park-3
The Hollow Park,Winchester,Marquee Venues,111 Church Road,CB8 5DJ,01632 960389,https://example.com/the-hollow-park-4
The South Retreat,Cheltenham,Coastal Venues,78 High Street,FP12 4LD,01632 960546,https://example.com/the-south-retreat-5
The North Grange,Oxford,Woodland Venues,104 Manor Way,LH11 1JB,01632 960410,https://example.com/the-north-grange-6
The South Hall,Plymouth,Farm Venues,34 High Street,NG16 7TF,01632 960252,https://example.com/the-south-hall-7
The Grange Yard,Stratford-upon-Avon,Farm Venues,64 Church Road,SR12 4FW,01632 960773,https://example.com/the-grange-yard-8
The Great House,Leicester,Stately Homes,68 Park Avenue,SC13 7ZT,01632 960994,https://example.com/the-great-house-9
The Grange Barn,Inverness,Hotels,59 Mill Lane,LN4 5SG,01632 960976,https://example.com/the-grange-barn-10
The South Grange,Exeter,Hotels,100 Castle Street,MG5 6GX,01632 960940,https://example.com/the-south-grange-11
The Old Gardens,Norwich,Barn Venues,113 Bridge Road,DP10 4BJ,01632 960969,https://example.com/the-old-gardens-12
The Little Hall,Windsor,Pub & Inn Venues,34 Castle Street,CE5 8XG,01632 960893,https://example.com/the-little-hall-13
The Hollow Cellars,Plymouth,Boutique Venues,58 Church Road,GM13 6TW,01632 960253,https://example.com/the-hollow-cellars-14
The North Hall,Swansea,Barn Venues,9 Mill Lane,HH1 2BJ,01632 960880,https://example.com/the-north-hall-15
The Oak Hall,Exeter,Garden Venues,74 Farm Lane,LW7 9FY,01632 960248,https://example.com/the-oak-hall-16
The Abbey Cellars,Brighton,Hotels,111 Mill Lane,DS12 7ST,01632 960689,https://example.com/the-abbey-cellars-17
The High Court,Dundee,Historic Halls,18 Abbey Road,DH7 4XT,01632 960187,https://example.com/the-high-court-18
The South Retreat,Derby,Castles,119 Station Road,TD2 9AD,01632 960170,https://example.com/the-south-retreat-19
The Stone Pavilion,Cambridge,Marquee Venues,34 Farm Lane,RB6 7AR,01632 960292,https://example.com/the-stone-pavilion-20
The Stone Pavilion,Leicester,Marquee Venues,8 Mill Lane,MG2 9BP,01632 960598,https://example.com/the-stone-pavilion-21
The Abbey Grange,Leeds,Museum Venues,16 Bridge Road,CF3 2JR,01632 960252,https://example.com/the-abbey-grange-22
The Manor Court,Harrogate,Castles,34 Abbey Road,SN9 4PJ,01632 960134,https://example.com/the-manor-court-23
The Rose Retreat,Cardiff,Castles,28 Castle Street,AT20 2DX,01632 960271,https://example.com/the-rose-retreat-24
The Long Park,Liverpool,Garden Venues,79 Castle Street,PM6 8XN,01632 960008,https://example.com/the-long-park-25
The Grange Estate,Truro,Hotels,35 Park Avenue,EL4 2XF,01632 960619,https://example.com/the-grange-estate-26
The East Gardens,Plymouth,Vineyards,6 Mill Lane,WL2 2SL,01632 960341,https://example.com/the-east-gardens-27
The Long Yard,Southampton,Industrial Venues,5 Manor Way,SA4 2FX,01632 960596,https://example.com/the-long-yard-28
The Grange Lodge,York,Manor Houses,88 Station Road,BM12 1QH,01632 960682,https://example.com/the-grange-lodge-29
The High Park,Richmond,Boutique Venues,4 High Street,SE8 3GS,01632 960754,https://example.com/the-high-park-30
The Oak Cellars,Truro,Garden Venues,29 Station Road,LF4 7BU,01632 960836,https://example.com/the-oak-cellars-31
The Mill Park,Bradford,Garden Venues,111 Church Road,HA7 7PL,01632 960990,https://example.com/the-mill-park-32
The South Park,Shrewsbury,Museum Venues,75 Park Avenue,RN1 2LG,01632 960039,https://example.com/the-south-park-33
The High Cellars,Edinburgh,Historic Halls,91 Abbey Road,SD13 4LB,01632 960001,https://example.com/the-high-cellars-34
The Priory Farm,Glasgow,City Venues,65 Park Avenue,CN20 6EN,01632 960682,https://example.com/the-priory-farm-35
The Stone Gardens,Dundee,Golf Clubs,73 Park Avenue,EG14 7GZ,01632 960415,https://example.com/the-stone-gardens-36
The Grange Barn,Bradford,Golf Clubs,57 Station Road,GS19 6TT,01632 960523,https://example.com/the-grange-barn-37
The Abbey Grange,Truro,Castles,104 Station Road,MN3 4NJ,01632 960150,https://example.com/the-abbey-grange-38
The Old Court,Derby,Pub & Inn Venues,52 Station Road,CT14 4RU,01632 960151,https://example.com/the-old-court-39
The Old House,Richmond,City Venues,32 Church Road,HF17 8BX,01632 960467,https://example.com/the-old-house-40
The Long Retreat,Truro,Museum Venues,58 High Street,NT20 9SX,01632 960761,https://example.com/the-long-retreat-41
The Abbey Retreat,Wolverhampton,Garden Venues,92 Park Avenue,LW8 5TD,01632 960240,https://example.com/the-abbey-retreat-42
The South Gardens,Cardiff,Boutique Venues,91 Station Road,CE5 4RF,01632 960065,https://example.com/the-south-gardens-43
The Stone Cellars,Swansea,Boutique Venues,116 Bridge Road,TS2 4SR,01632 960968,https://example.com/the-stone-cellars-44
The Old Place,Cambridge,Barn Venues,103 Bridge Road,PM13 7XX,01632 960919,https://example.com/the-old-place-45
The North Pavilion,Reading,Vineyards,93 High Street,SW1 7PR,01632 960860,https://example.com/the-north-pavilion-46
The Mill Lodge,Harrogate,Boutique Venues,18 Farm Lane,AR19 1DS,01632 960186,https://example.com/the-mill-lodge-47
The Great Yard,Aberdeen,Historic Halls,97 Abbey Road,GT11 6RL,01632 960258,https://example.com/the-great-yard-48
The Little Pavilion,Birmingham,Boutique Venues,32 Station Road,BP8 2BA,01632 960859,https://example.com/the-little-pavilion-49
The Old Lodge,Derby,Manor Houses,99 Manor Way,WD19 4TL,01632 960171,https://example.com/the-old-lodge-50
The Hollow House,Richmond,Stately Homes,87 Abbey Road,MD19 1NY,01632 960406,https://example.com/the-hollow-house-51
The East Hall,Salisbury,Garden Venues,45 Castle Street,DM20 2YB,01632 960438,https://example.com/the-east-hall-52
The Ash Hall,Exeter,Historic Halls,82 Farm Lane,AS16 2SQ,01632 960724,https://example.com/the-ash-hall-53
The Long Cellars,Portsmouth,Museum Venues,42 Station Road,LW15 7YL,01632 960850,https://example.com/the-long-cellars-54
The Little Yard,Bath,Garden Venues,24 Farm Lane,TR11 1UP,01632 960217,https://example.com/the-little-yard-55
The Ash Yard,Swansea,Vineyards,93 Abbey Road,LA17 4DJ,01632 960500,https://example.com/the-ash-yard-56
The Grange Mill,Stirling,Pub & Inn Venues,52 Station Road,WT1 2NJ,01632 960313,https://example.com/the-grange-mill-57
The Manor Park,Cambridge,Boutique Venues,35 Park Avenue,PS18 6QT,01632 960257,https://example.com/the-manor-park-58
The North House,Windsor,Marquee Venues,95 Farm Lane,ND18 3HH,01632 960283,https://example.com/the-north-house-59
The Manor Estate,Bristol,Marquee Venues,91 Castle Street,MH12 3NA,01632 960129,https://example.com/the-manor-estate-60
The South Court,Leeds,Boutique Venues,37 Farm Lane,ME16 2AY,01632 960490,https://example.com/the-south-court-61
The Mill Gardens,Portsmouth,Country Houses,10 Bridge Road,LW4 2RU,01632 960644,https://example.com/the-mill-gardens-62
The Great Lodge,Leicester,Farm Venues,78 Bridge Road,MC8 2XS,01632 960809,https://example.com/the-great-lodge-63
The Hollow Mill,Richmond,Museum Venues,40 Bridge Road,RT15 5YS,01632 960635,https://example.com/the-hollow-mill-64
The Great House,Richmond,Marquee Venues,71 Church Road,GL3 3JG,01632 960160,https://example.com/the-great-house-65
The Old Cellars,Bath,Riverside Venues,90 Farm Lane,WM2 4NN,01632 960072,https://example.com/the-old-cellars-66
The North Yard,Cheltenham,Farm Venues,117 Park Avenue,GS4 9JF,01632 960846,https://example.com/the-north-yard-67
The Long Hall,Leeds,Stately Homes,90 Abbey Road,MM15 2TN,01632 960965,https://example.com/the-long-hall-68
The South Pavilion,Bath,Castles,30 Bridge Road,BS11 5AD,01632 960601,https://example.com/the-south-pavilion-69
The Old Yard,Winchester,Country Houses,75 Abbey Road,FW17 8LG,01632 960650,https://example.com/the-old-yard-70
The Abbey Hall,Cambridge,Coastal Venues,53 Farm Lane,SN11 2GP,01632 960295,https://example.com/the-abbey-hall-71
The Elm Court,Oxford,Castles,106 Mill Lane,NL11 2RW,01632 960673,https://example.com/the-elm-court-72
The Grange Retreat,Belfast,Country Houses,27 Park Avenue,GP20 8TB,01632 960562,https://example.com/the-grange-retreat-73
The Long Estate,Bath,Pub & Inn Venues,71 Mill Lane,DA20 4GN,01632 960565,https://example.com/the-long-estate-74
The Stone Hall,Reading,Hotels,91 Park Avenue,TD5 8NW,01632 960425,https://example.com/the-stone-hall-75
The Abbey Pavilion,Derby,Industrial Venues,36 Abbey Road,ER7 9FD,01632 960348,https://example.com/the-abbey-pavilion-76
The Priory Yard,London,Golf Clubs,45 Manor Way,MW5 8XU,01632 960565,https://example.com/the-priory-yard-77
The Grange Place,Oxford,Historic Halls,6 Manor Way,GH19 7JS,01632 960762,https://example.com/the-grange-place-78
The Abbey Place,Aberdeen,Manor Houses,112 Church Road,WB5 9YP,01632 960895,https://example.com/the-abbey-place-79
The Mill House,Chester,Industrial Venues,101 Park Avenue,AE14 3DU,01632 960346,https://example.com/the-mill-house-80
The Hollow Place,Shrewsbury,Castles,80 Church Road,NR11 8XB,01632 960240,https://example.com/the-hollow-place-81
The Rose Mill,Stratford-upon-Avon,Castles,116 Mill Lane,SD4 8GN,01632 960047,https://example.com/the-rose-mill-82
The Oak Court,Coventry,Coastal Venues,73 High Street,PS5 4WS,01632 960174,https://example.com/the-oak-court-83
The West Hall,Harrogate,Woodland Venues,82 Park Avenue,HW19 3JT,01632 960470,https://example.com/the-west-hall-84
The South Barn,Oxford,Golf Clubs,82 Abbey Road,FC15 6YN,01632 960706,https://example.com/the-south-barn-85
The South Retreat,Bradford,Marquee Venues,46 Bridge Road,RW4 4RY,01632 960302,https://example.com/the-south-retreat-86
The Rose Barn,Truro,Woodland Venues,107 Park Avenue,LA19 1ZU,01632 960794,https://example.com/the-rose-barn-87
The North Park,Reading,Marquee Venues,5 Bridge Road,LE4 1NT,01632 960373,https://example.com/the-north-park-88
The Long Hall,Coventry,Historic Halls,68 Castle Street,SF7 3XQ,01632 960935,https://example.com/the-long-hall-89
The South Grange,Wolverhampton,Pub & Inn Venues,97 Station Road,MN4 8DF,01632 960880,https://example.com/the-south-grange-90
The Elm Park,Sheffield,Woodland Venues,87 Park Avenue,AL18 2TQ,01632 960598,https://example.com/the-elm-park-91
The Elm Park,Bristol,Garden Venues,29 Church Road,WA20 9PZ,01632 960650,https://example.com/the-elm-park-92
The Mill Estate,Shrewsbury,City Venues,15 Church Road,DE2 1NU,01632 960240,https://example.com/the-mill-estate-93
The Grange Lodge,Aberdeen,Industrial Venues,107 Farm Lane,PS19 3SE,01632 960630,https://example.com/the-grange-lodge-94
The Stone Yard,Manchester,Coastal Venues,88 Manor Way,GT15 4QE,01632 960557,https://example.com/the-stone-yard-95
The Ash Court,Dundee,Vineyards,3 Mill Lane,GD15 2HZ,01632 960805,https://example.com/the-ash-court-96
The Oak Mill,Nottingham,Farm Venues,105 Station Road,GC18 4YH,01632 960336,https://example.com/the-oak-mill-97
The Long Barn,Stoke-on-Trent,Manor Houses,2 Manor Way,EL6 2AF,01632 960808,https://example.com/the-long-barn-98
The North Gardens,Birmingham,Stately Homes,96 Church Road,LB5 7WE,01632 960487,https://example.com/the-north-gardens-99
The Mill Park,Exeter,Farm Venues,94 Castle Street,DT17 4ZB,01632 960308,https://example.com/the-mill-park-100
The Mill Barn,Leeds,Pub & Inn Venues,116 Church Road,RS4 8TD,01632 960329,https://example.com/the-mill-barn-101
The Hollow Lodge,Liverpool,Manor Houses,65 Bridge Road,LN13 9NT,01632 960440,https://example.com/the-hollow-lodge-102
The High House,Shrewsbury,Boutique Venues,106 Farm Lane,GS15 4SP,01632 960408,https://example.com/the-high-house-103
The Stone House,Cardiff,City Venues,12 Church Road,NL12 3UD,01632 960095,https://example.com/the-stone-house-104
The Stone House,Stratford-upon-Avon,Coastal Venues,86 Church Road,EB19 9XP,01632 960420,https://example.com/the-stone-house-105
The Ash Cellars,Windsor,Country Houses,28 High Street,MM12 2YW,01632 960672,https://example.com/the-ash-cellars-106
The Abbey Mill,Bristol,Coastal Venues,99 Bridge Road,PD9 4SX,01632 960628,https://example.com/the-abbey-mill-107
The Grange Barn,Lincoln,Vineyards,1 High Street,AF9 5PQ,01632 960890,https://example.com/the-grange-barn-108
The Long Place,Liverpool,Manor Houses,59 Manor Way,AC17 4RS,01632 960161,https://example.com/the-long-place-109
The Ash Estate,Windsor,Historic Halls,87 Church Road,CB5 3ZB,01632 960278,https://example.com/the-ash-estate-110
The Mill Cellars,Norwich,Riverside Venues,45 Abbey Road,TS9 4WE,01632 960113,https://example.com/the-mill-cellars-111
The Rose Pavilion,Chester,Golf Clubs,39 Station Road,BH13 1AH,01632 960785,https://example.com/the-rose-pavilion-112
The Long Yard,Coventry,Historic Halls,49 Castle Street,DA16 7GF,01632 960720,https://example.com/the-long-yard-113
The North Park,Liverpool,Woodland Venues,74 Abbey Road,BS1 8DP,01632 960587,https://example.com/the-north-park-114
The Elm Cellars,Coventry,Hotels,107 Manor Way,RA11 3ZT,01632 960090,https://example.com/the-elm-cellars-115
The Stone House,Derby,City Venues,43 High Street,RC13 5PJ,01632 960078,https://example.com/the-stone-house-116
The Priory House,Chester,Museum Venues,19 Park Avenue,GP12 3JE,01632 960202,https://example.com/the-priory-house-117
The West Lodge,Richmond,Castles,42 Manor Way,FW15 8YZ,01632 960154,https://example.com/the-west-lodge-118
The Mill Hall,Cambridge,Industrial Venues,10 Park Avenue,ML19 1QW,01632 960472,https://example.com/the-mill-hall-119
The Mill Court,Leeds,Coastal Venues,75 Castle Street,MC3 9RT,01632 960977,https://example.com/the-mill-court-120
The Great Retreat,Winchester,Marquee Venues,14 Manor Way,NW17 3BT,01632 960731,https://example.com/the-great-retreat-121
The Little Grange,Manchester,Garden Venues,47 Manor Way,TT17 9ZG,01632 960939,https://example.com/the-little-grange-122
The Rose Place,Belfast,Historic Halls,87 Abbey Road,BN3 6EX,01632 960290,https://example.com/the-rose-place-123
The South Lodge,Swansea,Castles,91 Church Road,EP10 7FZ,01632 960317,https://example.com/the-south-lodge-124
The Grange Place,Shrewsbury,Historic Halls,47 Park Avenue,EC14 9QA,01632 960184,https://example.com/the-grange-place-125
The East Gardens,Richmond,Pub & Inn Venues,109 Church Road,GH5 3DN,01632 960519,https://example.com/the-east-gardens-126
The Grange Court,Truro,Historic Halls,104 High Street,ER5 3GZ,01632 960738,https://example.com/the-grange-court-127
The Mill Court,Belfast,Coastal Venues,69 Station Road,HT20 5TJ,01632 960316,https://example.com/the-mill-court-128
The Abbey Farm,Glasgow,Farm Venues,54 High Street,TT10 7WW,01632 960836,https://example.com/the-abbey-farm-129
The East Lodge,Wolverhampton,Country Houses,37 Church Road,WP18 2WE,01632 960781,https://example.com/the-east-lodge-130
The West Yard,Bath,Museum Venues,120 Mill Lane,ES3 4TQ,01632 960424,https://example.com/the-west-yard-131
The Great Place,Exeter,Coastal Venues,41 Church Road,HR3 6JA,01632 960859,https://example.com/the-great-place-132
The Oak Lodge,Nottingham,Country Houses,1 Church Road,MW5 8TZ,01632 960019,https://example.com/the-oak-lodge-133
The South Farm,Leicester,Boutique Venues,7 Station Road,SD10 4NE,01632 960429,https://example.com/the-south-farm-134
The Hollow Retreat,Liverpool,Hotels,55 Mill Lane,WA17 4FN,01632 960629,https://example.com/the-hollow-retreat-135
The Ash Mill,Winchester,City Venues,70 Castle Street,FC17 6DW,01632 960805,https://example.com/the-ash-mill-136
The Priory Barn,Aberdeen,Pub & Inn Venues,101 Church Road,BR12 5AQ,01632 960353,https://example.com/the-priory-barn-137
The North House,Richmond,Farm Venues,105 High Street,NE2 6XP,01632 960850,https://example.com/the-north-house-138
The Mill Pavilion,Cheltenham,Stately Homes,6 Station Road,EC15 1NH,01632 960907,https://example.com/the-mill-pavilion-139
The Great Gardens,Bradford,Museum Venues,46 Mill Lane,RW9 1HN,01632 960886,https://example.com/the-great-gardens-140
The Oak Yard,Newcastle upon Tyne,Coastal Venues,64 Farm Lane,SR15 7PG,01632 960376,https://example.com/the-oak-yard-141
The Priory Yard,Sheffield,City Venues,42 Church Road,CS20 3XN,01632 960081,https://example.com/the-priory-yard-142
The Oak Estate,Bradford,Industrial Venues,94 Manor Way,SF15 6TB,01632 960629,https://example.com/the-oak-estate-143
The Stone Yard,Cheltenham,Country Houses,19 Bridge Road,CR12 9GA,01632 960694,https://example.com/the-stone-yard-144
The Mill Court,Nottingham,Castles,78 High Street,HP12 7YB,01632 960695,https://example.com/the-mill-court-145
The Mill Park,Glasgow,Industrial Venues,84 Park Avenue,CE17 6RP,01632 960255,https://example.com/the-mill-park-146
The Abbey Place,Canterbury,Hotels,89 Farm Lane,LL15 4ZN,01632 960204,https://example.com/the-abbey-place-147
The High Lodge,Liverpool,Industrial Venues,71 Castle Street,FT3 6QD,01632 960297,https://example.com/the-high-lodge-148
The Rose Grange,Bangor,Stately Homes,102 Farm Lane,PH4 4FJ,01632 960026,https://example.com/the-rose-grange-149
The Ash Park,Oxford,Boutique Venues,68 Abbey Road,EC3 5RU,01632 960787,https://example.com/the-ash-park-150
The Stone Hall,Nottingham,Historic Halls,113 Castle Street,CT15 9QF,01632 960655,https://example.com/the-stone-hall-151
The Manor Grange,Richmond,Manor Houses,22 High Street,SB4 9FN,01632 960330,https://example.com/the-manor-grange-152
The North Park,Chester,Golf Clubs,81 Park Avenue,CL7 9LF,01632 960629,https://example.com/the-north-park-153
The Grange Hall,Exeter,Stately Homes,106 Mill Lane,EF20 6YB,01632 960083,https://example.com/the-grange-hall-154
The Great Yard,Shrewsbury,Marquee Venues,62 Station Road,SA16 9NN,01632 960824,https://example.com/the-great-yard-155
The Elm Estate,Oxford,Castles,27 Manor Way,BF15 7UT,01632 960621,https://example.com/the-elm-estate-156
The Long Gardens,Bangor,Historic Halls,14 Manor Way,PR5 6WX,01632 960247,https://example.com/the-long-gardens-157
The Mill House,Stoke-on-Trent,Industrial Venues,111 Bridge Road,HE4 1NR,01632 960428,https://example.com/the-mill-house-158
The North Grange,Cardiff,Farm Venues,64 Park Avenue,NG6 8WT,01632 960509,https://example.com/the-north-grange-159
The Old Hall,Dundee,Museum Venues,37 Farm Lane,TH7 6BB,01632 960611,https://example.com/the-old-hall-160
The Abbey Estate,Durham,Barn Venues,47 Mill Lane,DS5 5QR,01632 960410,https://example.com/the-abbey-estate-161
The Great Farm,Glasgow,Boutique Venues,36 Bridge Road,MC13 9TX,01632 960696,https://example.com/the-great-farm-162
The Hollow House,Nottingham,Hotels,26 Bridge Road,RP11 9QF,01632 960521,https://example.com/the-hollow-house-163
The Elm Court,Manchester,Country Houses,78 Castle Street,EN16 9TF,01632 960143,https://example.com/the-elm-court-164
The Oak Gardens,Southampton,Woodland Venues,91 Bridge Road,MN17 9XU,01632 960306,https://example.com/the-oak-gardens-165
The Abbey Barn,Glasgow,Historic Halls,61 Park Avenue,DS19 5AZ,01632 960990,https://example.com/the-abbey-barn-166
The Manor Mill,Windsor,Country Houses,5 Bridge Road,WF17 7FJ,01632 960970,https://example.com/the-manor-mill-167
The High Farm,Birmingham,Industrial Venues,65 Bridge Road,NS5 7HS,01632 960942,https://example.com/the-high-farm-168
The Abbey Court,Bangor,Manor Houses,23 Farm Lane,GN16 9RP,01632 960934,https://example.com/the-abbey-court-169
The Grange Gardens,Durham,Coastal Venues,39 Station Road,LW7 4LX,01632 960964,https://example.com/the-grange-gardens-170
The Rose Estate,Bangor,Marquee Venues,37 Church Road,WN16 6XL,01632 960587,https://example.com/the-rose-estate-171
The Grange Place,Dundee,Coastal Venues,119 Farm Lane,EM2 5DQ,01632 960671,https://example.com/the-grange-place-172
The South Pavilion,Plymouth,Marquee Venues,31 Station Road,LL5 2ZY,01632 960051,https://example.com/the-south-pavilion-173
The Priory Mill,Cheltenham,Garden Venues,88 High Street,BD14 6UE,01632 960005,https://example.com/the-priory-mill-174
The Grange Grange,Belfast,Pub & Inn Venues,117 Church Road,WG10 6NB,01632 960667,https://example.com/the-grange-grange-175
The Manor Mill,Durham,Country Houses,24 Park Avenue,FS6 1RU,01632 960897,https://example.com/the-manor-mill-176
The Great Barn,Bradford,Farm Venues,64 High Street,DN10 8XW,01632 960871,https://example.com/the-great-barn-177
The Priory Retreat,Stoke-on-Trent,Marquee Venues,2 Manor Way,DN6 8LG,01632 960809,https://example.com/the-priory-retreat-178
The Rose Farm,Portsmouth,Riverside Venues,86 Church Road,RS17 6DR,01632 960189,https://example.com/the-rose-farm-179
The Long Pavilion,Cardiff,Garden Venues,43 Park Avenue,AL13 4TL,01632 960596,https://example.com/the-long-pavilion-180
The Manor Barn,Wolverhampton,Coastal Venues,52 Castle Street,HB4 8NG,01632 960945,https://example.com/the-manor-barn-181
The Rose House,Cheltenham,Golf Clubs,59 Bridge Road,PH8 3UF,01632 960382,https://example.com/the-rose-house-182
The Stone Pavilion,Richmond,Boutique Venues,68 Manor Way,GH20 2WT,01632 960079,https://example.com/the-stone-pavilion-183
The Manor House,Leeds,Boutique Venues,15 Station Road,GE6 6WT,01632 960734,https://example.com/the-manor-house-184
The Manor Pavilion,Sheffield,Museum Venues,59 Bridge Road,TB15 3WS,01632 960059,https://example.com/the-manor-pavilion-185
The Grange Retreat,Inverness,Golf Clubs,10 Mill Lane,AR9 1HY,01632 960433,https://example.com/the-grange-retreat-186
The Ash Hall,Durham,Country Houses,99 High Street,CW2 5SG,01632 960784,https://example.com/the-ash-hall-187
The Stone Park,Aberdeen,Industrial Venues,16 High Street,RR3 9FQ,01632 960550,https://example.com/the-stone-park-188
The Elm Lodge,Windsor,Garden Venues,69 Abbey Road,AA10 8XS,01632 960843,https://example.com/the-elm-lodge-189
The North Mill,Oxford,Coastal Venues,79 Mill Lane,EL7 2BS,01632 960246,https://example.com/the-north-mill-190
The East Hall,Bristol,Riverside Venues,52 Farm Lane,BT20 1JB,01632 960239,https://example.com/the-east-hall-191
The Grange Farm,Richmond,Country Houses,99 Manor Way,EM8 6YZ,01632 960242,https://example.com/the-grange-farm-192
The Rose Lodge,Truro,Museum Venues,76 High Street,HS10 5BX,01632 960641,https://example.com/the-rose-lodge-193
The Stone Pavilion,Leeds,Coastal Venues,49 High Street,RN14 7FN,01632 960772,https://example.com/the-stone-pavilion-194
The Grange Pavilion,Derby,Garden Venues,54 Castle Street,ME15 1XS,01632 960542,https://example.com/the-grange-pavilion-195
The Long Place,Derby,Vineyards,69 Station Road,GN3 8QD,01632 960052,https://example.com/the-long-place-196
The South Place,Inverness,Riverside Venues,27 Manor Way,BC7 9HU,01632 960310,https://example.com/the-south-place-197
The Old Farm,Brighton,Hotels,71 Manor Way,WH20 4RJ,01632 960794,https://example.com/the-old-farm-198
The Rose Place,Oxford,Boutique Venues,60 Church Road,PM9 6WU,01632 960822,https://example.com/the-rose-place-199
